,theme,datetime,title,new_content,sentiment
0,축산신문,2017-12-13,내년 한돈자조금 어떻게 쓰여지나 / 예비비·운영비·기타비용,"내년에만 30억원 예상…지침 따라 운용 적립 한도 전체 예산 1/2 넘어선 안돼 운영비 소폭↑…징수수수료 거출금 7% ◆ 예비비 수급안정 예비비, 즉 시드머니(118억9천200여만원)와 기타예비비(2억3천700여만원) 등 총 121억3천여만원이 예비비로 배정됐다. 이 가운데 수급안정예비비는 공급조절과 소비확대, 소비자가격 안정, 신판로 개척, 수매·비축 등의 수급안정을 목적으로 적립하는 것으로 지난 2015년 1월1일부터 두당 200원씩 추가로 거출해 별도로 적립돼 왔다. 올해 11월 16일부터 시행되고 있는 수급안정예비비 조성 및 운용지침에 따르면 수급불균형으로 인한 돈가 폭등이나 폭락이 예상되는 긴급 상황시 양돈수급조절협의회의 조치 결과에 따라 관리위원회 및 대의원회의 의결을 거쳐 농림축산식품부의 최종 승인이 이뤄지면 사용을 하게 된다. 한국농촌경제연구원의 월별 돼지가격 전망을 기준으로 매월 또는 매 분기 돼지가격 상승 및 하락구간을 사전에 예측, 대비하여 수급안정 시나리오를 마련하게 되는데 시기별 구체적인 안정대책은 이미 제시돼 있다. 2015년 26억2천100여만원, 2016년 30억6천500여만원이 적립됐고, 올해는 32억100여만원이 적립될 것으로 추정되고 있다. 내년도 예상 적립금은 30억400여만원이다. 다만 수급안정예비비의 거출금 적립 한도는 연간 자조금예산의 1/2 이내로 규정하고 있는 만큼 지금처럼 집행없이 적립될 경우 오는 2020년 적립한도를 초과할 것으로 예상되고 있다. ◆ 운영비 14억1천800만원의 예산이 배정됐다. 이 가운데 11억5천500여만원이 인건비로 사용된다. 자조금 관련 업무 확대에 따른 부족한 인력충원 등을 위한 것으로 올해 보다 6천400여만원이 늘어나게 됐다. 물건비 5천200여만원, 기타경비 2억1천100여만원이 각각 책정됐다. ◆ 기타비용 내년 예산은 12억6천100여만원이다. 징수수수료(12억4천300여만원)가 그 대부분을 차지한다. 거출금 수납기관에 대한 수수료로 지급이 되며 농가거출금의 7%에 해당하는 액수다. 이밖에 대의원 선거 및 감사비용으로 1천800만원의 예산이 책정됐다. <끝>",
1,축산신문,2017-12-15,"“한돈산업, 高생산비·低생산성 넘어야”","한돈산업 발전을 위해서는 낮은 생산성과 높은 생산비를 극복해야 하며, 민간과 협동조합간의 패커 경쟁을 유도하는 한편, 효율적인 종돈개량과 첨단 친환경단지 조성, 한돈혁신센터 건립과 함께 식육혁신센터도 설립해야 한다는 내용의 그랜드플랜이 필요하다는 의견이 제시됐다. 이는 지난 13일 한국축산경제연구원(원장 석희진) 주최로 서울 양재동 소재 aT센터 4층 창조룸에서 열린 ‘2030 한돈산업 발전방안 심포지엄’에서 한국축산경제연구원 이상철 부원장이 내놓은 의견이다. 이날 열린 심포지엄은 축산신문, 농협경제지주축산경제, 대한한돈협회·한돈자조금관리위원회후원으로 개최됐다. 이상철 부원장은 “한국의 지육(돼지)단가가 일본 다음으로 비싸고, 덴마크와 네덜란드보다는 2.7배나 높다”며 이는 한돈산업의 경쟁력을 약화시키는 결과로 나타나게 될 것이라고 우려했다. 이 부원장은 “비육돈 생산비 역시 미국이 우리의 47% 수준에도 미치지 못하고 있고, 2016년 기준, 덴마크(PSY 32.1두, MSY 30.1두), 네덜란드(29.8두, 28.4두), EU(27.5두, 25.9두), 미국(25.7두, 23.4두) 등 양돈 선진국에 비해 낮은 PSY와 높은 이유자돈폐사율로 MSY 격차가 심한 상황임에도 네덜란드와 덴마크 등은 MSY가 매년 증가하고 있는 반면에 우리는 거의 정체 상태에 머물러 있다”며 이를 극복하지 못하면 한돈산업의 미래는 밝지 못할 것이라고 내다봤다. 우리나라는 PSY 20.7두, MSY 17.9두. 이 부원장은 원가절감형 사양관리에 주목하고, 실산자수 향상과 포유자돈 폐사율 감소, 모돈 체형관리가 PSY 향상의 관건이라며 PSY 40두 이론을 제시했다. 이와 함께 적정 모돈수 유지로 MSY를 늘려야 한다며 이를 위해서는 모돈수 10%를 줄이면서 판매두수는 15%이상 늘려야 한다는 것이다. 이 부원장은 한국형 종돈개량의 필요성을 설명하고 이를 위해서는 국가차원의 종돈개량 시스템을 구축해야 하며, 악취저감의 깨끗한 축산농장 조성을 위해서는 가축분뇨 통합관리시스템 구축 및 광역축산악취개선사업의 중요성을 강조했다. 이 부원장은 돈육가공선진화를 위해서는 협동조합형패커와 민간기업형패커를 동시에 육성하는 한편, 한돈산업 발전을 위해서는 동물복지형 양돈을 지향해야 함도 강조했다.",
2,축산신문,2017-12-21,한돈팜스 ’16년 전산성적·’18년 수급전망…주요 내용은,"PSY 20.7·MSY 18두…올해도 정체 추세 40%가 MSY 16두 미만…상-하위농 10두차 PSY는 좁혀져…이유 후 육성률 제고 시급 국내 양돈농가의 생산성이 수년째 정체 상태에 머물러 있는 것으로 나타났다. 전체 농가의 절반에 가까운 생산성 한계농장들로 하여금 이유후 육성률 향상에 더 많은 노력을 기울이도록 하는 게 국내 평균 생산성을 끌어올릴 수 있는 해법이라는 분석이 나왔다. 한돈자조금사업의 일환으로 지난 18일 서울 양재동 aT에서 개최된 대한한돈협회(회장 하태식)의 양돈전산프로그램 한돈팜스 2016년 전산성적 발표회 자리에서다. 한돈팜스의 분석을 담당한 애그리로보텍 함영화 대표에 따르면 2016년 통계청 자료기준 농가수로는 74.6%, 모돈수로는 94.8%가 한돈팜스에 입력했다. 이들의 전산성적을 분석한 결과 평균 PSY가 20.7두, MSY는 18두를 각각 기록했다. 올해(1~10월)는 PSY가 20.9두로 0.2두 늘어난 반면 MSY는 17.7두에 그치며 오히려 0.3두 감소한 것으로 집계됐다. 이는 PSY 21두(20.8두), MSY 18두(17.9두)였던 2014년(2015년)과 비슷하거나 오히려 밑도는 수준이다. 함영화 대표는 “한돈팜스가 본격 가동된 2014년에는 농가수도 적고, 전산관리를 해오거나 직접 입력이 가능한 농가를 중심으로 입력이 이뤄지다 보니 상대적으로 생산성이 높았던 것으로 추정하고 있다”며 “유난히 심했던 하절기 스트레스만 없었다면 2016년 이후의 생산성이 더 높았을 것”이라고 추정했다. 그렇다고 해도 그 차이는 크지 않을 것이란 분석은 그만큼 국내 양돈농가의 생산성이 수년간 큰 변화가 없음을 짐작할 수 있는 대목이다. 함 대표는 이와 관련 지난 2년간 국내 전체 농가의 40% 안팎을 차지하고 있는 MSY 16두 미만의 생산성 한계농가를 제외할 경우 국내 양돈농가들의 평균 MSY는 20두 수준에 이를 것으로 분석했다. 결국 농가들이 국내 평균 생산성을 끌어내리는 주 요인이 되고 있다는 설명이다. 특히 2016·2017년 생산성 상하위 농가를 비교한 결과 PSY가 7두의 차이를 보인데 비해 MSY는 10두까지 벌어진 사실에 주목했다. 함영화 대표는 “국내에서는 번식 성적 향상에 집중할 뿐 막상 최종 생산비와 수익에 직결되는 이유후 육성률에는 상대적으로 소홀하다. 이는 생산성 한계농장에서 더 두드러진다”며 “이들 농장이 이유후 육성률을 높여 상위농장과 PSY 만큼 MSY의 차이를 좁힌다면 농장경영 호전은 물론 국내 평균 생산성도 끌어올릴 수 있을 것”이라고 강조했다. 2016년 생산성하위 10% 농가의 이유후 육성률은 71.9%, 하위 30%는 78.3%에 불과했다. -------------------------------------------------------------------------------------------------------------------------------- “내년 돼지출하 1천700만두 상회” 1천716만5천두 전망…올해보다 2.6%↑될 듯 11월 166만여두 ‘최대’…돈가 4천600원 추정 내년엔 국내 돼지 출하량이 사상 처음으로 1천700만두를 넘어설 전망이다. 대한한돈협회는 지난 18일 ‘한돈팜스 2018년 수급전망 발표회’ 에서 이같이 밝혔다. 한돈협회 지도기획부 최재혁 과장에 따르면 한돈팜스 입력자료를 분석한 결과 내년도 돼지출하두수가 1천716만5천두에 달하는 것으로 전망됐다. 이는 1천672만8천두로 추정되는 올해보다 2.6% 증가한 것이다. 월별로는 11월 165만4천45두로 최대량이, 7월에 125만5천450두로 최소량이 각각 출하될 것으로 예상됐다. 다만 도축작업일을 감안한 하루 도축량은 2월(18일 작업, 7만7천680두)이 가장 많을 것이란 분석이다. 22일 작업이 이뤄질 것으로 예상되는 7월은 월간 출하량과 함께 하루 도축량(5만7천66두)도 가장 적을 것으로 분석됐다. 9월은 내년에 두 번째로 월간 돼지출하량(126만5천240두)이 적지만 추석연휴로 작업일이 17일에 불과, 하루 도축량은 올해와 비슷한 수준이 될 것으로 전망됐다. 최재혁 과장은 이에대해 “수급전망의 기초자료는 월별 모돈두수, 교배, 분만복수, 총산자수, 이유두수, 2개월령, 4개월령 비육돈 두수 등을 활용해 추정한 것”이라면서 “여기에 월별 작업일수 등을 반영한 후, 종돈,사료,유통 등 각 분야별 전문가회의를 통해 외적 요인들을 고려, 최종 산출한 것”이라고 설명했다. 이에 따라 내년엔 국내 돼지고기 생산량이 90만9천600톤에 이를 것으로 예상되지만 돼지고기 수입이 30만톤으로 줄면서, 총 공급량은 올해 보다 감소한 120만9천600톤에 머물 것으로 예상됐다. 다만 출하두수 증가에 따라 연 평균 돼지가격은 탕박기준 지육 kg당 4천600원선에 형성되며 올해(4천900원)보다 300원 정도 낮을 전망이다.",
3,축산신문,2017-12-26,무허가축사 적법화 성공모델이 “왜”,"양돈농 “대개 영세 임대…추가비용 감안시 수용 불가” “형평성보단 개발지역 양돈퇴출 근본 목적” 의혹 제기 용인시가 내년부터 공공처리장에 대한 가축분뇨 처리비용을 100% 인상할 계획이어서 양돈농가들의 반발을 사고 있다. 다른 곳도 아닌, 무허가축사 적법화의 성공적인 표본모델로 축산업계의 관심과 기대를 한몸에 받아온 용인시이기에 그 배경에 관심이 모아지고 있다. 용인시는 최근 포곡읍 소재 공공처리장에 대한 가축분뇨 처리비용을 톤당 6천원에서 1만2천원으로 인상할 계획임을 해당 양돈농가들에게 통보했다. 지난 2015년까지 톤당 1천원이었던 것을 감안하면 3년새 무려 1200% 인상되는 것이다. 용인시측은 이에 대해 “타지역 공공처리장과 비교해 조정비용이 결코 무리한 수준은 아니라고 생각한다”며 “그동안 형평성에 대해 지적이 끊이지 않아왔다. 보편적인 수준으로 조정하기 위한 조치”라고 설명했다. 하지만 용인시 공공처리장을 이용하는 포곡읍내 60여개 양돈장들은 생각이 다르다. 이 지역의 한 농가는 “공공처리장까지 가축분뇨를 수집 운반하는 데 톤당 4천500원이 추가로 든다. 게다가 용인시가 공공처리장 반입 가축분뇨에 대한 수질기준을 강화, 물을 반 정도 섞어 내보내야 하기 때문에 실제 비용은 2배 가까이 투입된다”며 “대부분 1천두 안팎의 영세 임대 농가다 보니 인상되는 처리비용은 감당하기 힘든 수준”이라고 털어놓았다. 그러다보니 용인시의 이번 방침이 급격히 도시화 되고 있는 포곡읍 관내 양돈농가 퇴출을 염두에 둔 것 아니냐는 시각도 해당 양돈농가들 사이에 확산되고 있다. 또 다른 양돈농가는 “용인시가 얼마전 건물보상을 전제로 가축분뇨 배출 허가증 반납을 양돈장 소유주들에게 제안한 것도 같은 맥락 아니겠느냐”며 “그렇다고 해도 공공처리장 설치 당시 관내 가축분뇨는 무조건 받아주겠다는 약속을 져버리는 것은 있을 수 없다”고 지적했다. 그는 농장문을 닫을 경우 생계가 불가능, 다른 지역과 마찬가지로 적절한 폐업보상이 이뤄져야 하지만 용인시는 이러한 요구마저 외면하고 있는 상황이라고 반발했다. 포곡읍내 양돈농가들은 이에 따라 용인시가 당초 계획을 강행할 경우 행정소송까지 검토하겠다는 입장인 것으로 알려졌다.",
4,축산신문,2017-12-26,한돈팜스 통해 본 한국양돈 ‘구멍’ <상> / 이유 후 육성률,"작년 평균 86.7%…규모 클수록 더 낮아 100두 중 15두 비싼 사료 먹고 죽는 셈 번식구간에만 치중…이후 생산성 ‘소홀’ 최종 생산품 자돈 아닌 ‘성돈’…대책 시급 양돈전산프로그램 한돈팜스의 2016년, 2017년(1~10월) 전산분석 결과를 통해 생산성이 수년째 정체상태인 국내 양돈현장의 몇가지 치명적인 문제점이 다시 한번 확인됐다. 이 가운데 상대적으로 저조한 이유후 육성률은 농가수익에 직결된다는 점에서, 같은 농장이라도 시기에 따라 들쑥날쑥한 번식성적은 밀사의 또다른 원인이 되고 있다는 점에서 그 대책이 시급하다는 분석이다. ◆ 농가손실 ‘비교불가’ 한돈팜스 분석 결과 지난해 국내 양돈장의 이유후 육성률은 평균 86.7%(2017년 84.6%)였다. 지난 2년간 국내 농장에서 사육되고 있는 비육돈 100두 가운데 15두가 비싼 사료와 동물약품, 인건비 등 상당한 생산비가 투입된 상태에서 폐사하고 있는 셈이다. 때문에 산자수의 증감이나 자돈기 폐사 때와는 농가 손실의 비교 자체가 불가능하다. 한돈팜스 분석을 담당한 애그리로보텍 함영화 대표는 이에대해 “전반적으로 국내 양돈농가들이 번식구간의 생산성에만 치중할 뿐 이후 육성 비육구간에는 상대적으로 관심히 소홀하기 때문”이라고 지적한다. ◆ “많이 낳으면 뭐하나” 이같은 추세는 사육규모별 이유후 육성률에서 쉽게 짐작해 볼 수 있다. 한돈팜스 입력 농가들의 2016년 모돈 사육규모별 이유 후 육성률을 보면 ▲1~100두미만 89.3% ▲100-200두 87.2% ▲200-300두 86.6% ▲300-400두 84.8% ▲400-500두 83.7%, ▲500-1000두 83.4% ▲1천두 이상 85%을 각각 기록했다. 전반적으로 사육규모가 클 수록 이유후 육성률이 떨어지고 있는 것을 알 수 있다. 올해(1~10월)도 별반 다르지 않았고, 이전 시기도 마찬가지였다. 반면 총 산자수나 복당 이유두수 부문에서는 모돈 사육규모가 큰 농장일수록 성적이 우수한 것으로 나타났다. 이들의 번식기술이나 시설이 상대적으로 앞서 있음을 뒷받침하는 대목이다. 그럼에도 불구하고 이유 후 육성률이 더 떨어진다는 것은 결국 해당구간에 대한 관심과 노력이 부족하다는 것 외에는 설명이 되지 않는다. ◆ “문제 인식 못해” 함영화 대표는 “많은 양돈농가들이 오로지 번식성적 향상에만 초점을 맞추고 있다”며 “하지만 자돈을 많이 생산해 놓으면 출하도 늘어야 하는데 끝까지 살릴 수 있는 기술과 사양관리가 뒤따르지 못하고 있는 게 현실”이라고 지적했다. 무엇보다 이러한 현상이 전혀 문제되지 않고 있는 국내 양돈업계의 분위기는 그 심각성을 더하고 있다는 분석이다. 양돈농가가 파는 제품은 자돈이 아닌, 다 큰 돼지다. 최종 생산제품과 수익이 결정되는 구간이 어디인지 냉정히 되짚어보고, 조금이라도 더 돼지출하두수를 늘리고 수익률을 높일 수 있는 대책을 마련해 실천에 옮기는 노력이 절실하다.",
5,오늘의 뉴스,2017-12-22,원칙과 소신으로 양돈 성공 일궈(12/21),"원칙과 소신으로 양돈 성공 일궈 전북 남원 ‘남원농장’ 양돈 입문 위해 친구 농장서 실습 기본 준수와 배움 자세 원칙 설정 질병 관리 위해 올인-올아웃 준수 별도 자돈사 운영 및 후보돈 순치도 선진한마을 자돈품질 우수농장 핵심 모든 산업은 내·외부적인 환경 변화로 인해 많은 어려움을 겪게 된다. 현재 양돈업을 둘러싼 외부 환경을 살펴보면 FTA 등으로 인한 글로벌 경쟁력 제고와 질병, 악취/분뇨 관련 규제 등 양돈산업 존속에 영향을 미치고 있다. 내부적으로는 생산성 개선과 환경 친화적인 양돈을 하는 데 필요한 시설 개선과 확보가 필요한 현실이다. 이러한 어려움과 많은 위기를 원칙과 소신으로 하나씩 극복하면서 성공스토리를 그려가는 농장이 있다. 바로 축산전문기업 선진의 양돈계열화 사업부문 선진한마을의 모돈 파트너 농장 김종성<사진 왼쪽> 대표가 그 주인공이다. 전북 남원에 위치한 남원농장은 모돈 1천200두 규모의 자돈 생산 농장으로 2007년 시작한 이래 10주년을 맞고 있다. 남원농장을 운영 중인 김종성 대표는 양돈에 뛰어들기 전에 인테리어업체를 운영한 이색 경력을 가지고 있다. 그랬던 김종성 대표가 양돈업에 도전한 것은 먹거리 산업이 가진 중요성과 다른 축종보다 글로벌 경쟁력을 확보할 수 있다는 확신에서였다. 이러한 확신과 가족의 미래를 걸고 도전한 사업이기에 양돈에 대한 비전과 원칙 그리고 그것을 지켜나가는 마음가짐이 양돈을 모르던 김종성 대표가 10년 동안 남원농장을 이끌어간 원동력이 되었다고 한다. 김 대표는 “요즘 4차 산업이 거대한 트렌드가 되면서 축산업과 같은 기초산업에 관심이 적어지고 우리 산업이 지닌 중요성을 알지 못하여 안타까운 마음이 든다”며 양돈업에 대한 비전과 애정을 밝혔다. 처음 양돈을 시작하면서 김 대표는 우선 농장 현장 실무를 익혀나가기 위해 적지 않은 나이에 친구의 GP농장에서 바닥부터 실습하였다. 이때 김 대표는 자신만의 농장 운영 원칙을 세우게 되는데 그것이 바로 농장의 기본을 지키는 것과 항상 배우는 자세였다. 농장의 기본을 지킨다는 것은 양돈인으로서 하지 말아야 할 것과 반드시 지켜야 할 것의 기준을 정하고 실천하는 것을 의미한다. 특히 방역과 관련된 것은 어떠한 경우에서도 타협하지 않는 것이 그 원칙의 출발이며 GP농장에서 배운 데로 방역의 기준을 GP수준으로 운영하고 있다. 남원농장의 사육관리 포인트는 질병 관리를 위한 올인-올아웃의 철저한 시행과 문제 해결을 위한 모든 방법을 동원하는 것이라고 말한다. 외부의 별도 자돈사를 통하여 올인-올아웃이 될 수 있도록 하고 있으며 후보돈 순치 100%를 기본 원칙으로 지켜나가고 있다. 또 하나의 원칙은 항상 배우는 자세라고 강조하는 그는 비약적인 돼지의 개량, 소비자의 요구가 급속하게 바뀌는 환경 속에 요즘 젊은 양돈인들은 변화에 능동적으로 대책을 마련하기에 그들과 대화를 나누면서 많이 배우고 있다고 한다. 여기에 더해 농장 직원의 근무 환경과 복지 개선, 교육, 해외 연수 등 직원에 대한 투자를 아끼지 않는 사람 중심의 경영을 강조하였다. 이러한 점들이 김 대표를 비롯하여 농장의 사육을 책임지는 생산팀장 등 모든 직원이 양돈의 경험이 없는 사람들로 구성된 상황에서도 선진한마을 최고의 자돈품질 우수농장 달성을 가능하게 하였다. 저작권자 © 양돈타임스 무단전재 및 재배포 금지양돈타임스다른기사 보기",
6,오늘의 뉴스,2017-12-22,ASF 국내 유입 노출평가 결과 안심 못해(12/21),"ASF 국내 유입 노출평가 결과 안심 못해 노출 위험도 ‘무시할 만함’보다 높은 수준 양돈장 감수성 개체로의 노출 가능성 제기 수입 돼지 및 돼지고기 이력추적제 실시를 ‘구제역’ ‘아프리카돼지열병(ASF)’에 대한 국내 유입 시나리오를 설정하고 수입 위험 평가 단계 중 하나인 ‘노출 평가’를 실시 한 결과, 국내로 유입 시 농가들의 발생 확률은 ‘무시할 만함’보다 높은 단계로 나타나 대책 마련이 요구되고 있다. 한돈협회는 지난 15일 김으뜸 강원대 동물의학종합연구소 책임연구원이 수행한 ‘돼지 및 돼지고기 수입 위험평가 선진화를 위한 국내 노출 기법 확립’을 주제로 한 연구 용역 최종 결과 보고회를 진행했다. 연구 발표에 따르면 돼지 수입에 의해 구제역과 아프리카돼지열병 병원체가 국내로 유입된다고 가정할 시 이후 감염 경로는 종돈장, 대규모, 번식농가, 인공수정센터 및 멧돼지를 통해 감수성 개체에 노출돼 확산될 수 있다고 밝혔다. 또한 돼지고기의 경우 돼지고기가 수입판매업체를 거친 후 대형마트, 슈퍼마켓 등과 같이 식품관련시설을 통한 뒤 음식물폐기물 처리업체를 통해 사료화되어 양돈장 감수성 개체에 노출되거나 음식물폐기물 처리업체를 통하지 않은 채 양돈장 감수성 개체에 노출될 수 있다고 보고했다. 이에따라 질병 유입 가능성은 국내 국가 검역 체계상 낮지만, 부득이하게 바이러스가 국내로 유입됐다고 가정한다면, 국내로 질병 원인체가 유입 시 4가지 단계(무시할 만함, 낮음, 중등도, 높음)으로 이뤄진 노출 평가 단계에서 국내 방역 환경은 적당히 발생할 수 있는 단계(발생 확률 33~66%)인 ‘중등도’에 해당된다는 것이다. 이는 국내 양돈환경이 현재 후보돈 구입 후 질병 검사 비율이 낮고, 멧돼지와의 접촉도 잦으며, 잔반 급여 농가도 일부 존재하기 때문이라는 것이다. 이에 따라 △돼지 및 돼지고기 이력추적제 실시 △수입 후 일정기간 격리 △수입 운송 기자재 관리 강화 △잔반 급여 금지 법제화를 통해 노출위험을 감소시킬 수 있다고 분석했다. 한편 이번 연구는 지정 검역물의 수입을 통한 질병 원인체의 국내 유입 및 전파 위험의 최소화를 위해 요구되는 위험 관리 조치의 과학적인 근거를 강화하고 이를 통해 국제통상 문제발생을 방지하기 위해 실시됐다. 저작권자 © 양돈타임스 무단전재 및 재배포 금지양돈타임스다른기사 보기",
7,축산신문,2022-01-19,"“사료값은 안잡고, 돼지값만 잡나”","“설 명절 공급 확대 효과 없어…돈가 낮추려는 의도”농림축산식품부가 공판장에 돼지를 출하하는 양돈농가들에 대해 한시적으로 상장 수수료 일부를 지원하고 있다. 설 성수기 돼지 공급 확대를 위해서라는 게 표면적인 이유지만 현실적으로는 전국의 돼지가격이 결정되는 공판장 가격을 낮추려는 의도라는 시각이 확산되고 있다. 생산비가 오를대로 오른 양돈농가들은 불편한 심경을 감추지 못하고 있다.농림축산식품부는 지난 17일부터 공판장에 출하된 돼지 도축 및 상장 수수료를 지원하고 있다. 수수료를 납부한 농가가 오는 28일까지 그 사실을 증명, 해당 공판장(경매장)을 통해 농협경제지주 축산경제(축산물도매분사)에 신청하면 사후 정산하는 방식이다.농식품부는 이를 위해 축산발전기금으로 8억원의 예산을 확보, 마리당 최대 2만원 한도내에서 지원할 예정이다. 등외등급이나 지육상장은 제외되며 예산 소진시 상장이 빠른 순서대로 지원키로 하고 일선 시군을 통해 공판장에 대한 돼지 출하가 확대될 수 있도록 홍보에 나서고 있다.양돈농가들은 강한 불만을 표출하고 있다.경북의 한 양돈농가는 “제주도를 제외한 전국의 도매시장, 그것도 공판장에 상장되는 돼지는 하루 평균 2천두 안팎이다. 이러한 상태에서 물량을 늘려봤자 얼마나 되겠느냐”고 반문하면서 “결국 돼지가격을 낮추려는 얄팍한 속셈 아니냐”고 의혹을 제기했다. 공판장 출하가 조금만 늘어도 경매가격이 하락, 결과적으로 전국 돼지가격에 영향을 미칠 수 밖에 없다는 주장이다. 농식품부가 폭등한 생산비는 외면한 채 돼지가격만 잡으려 한다는 여론도 급속히 확산되고 있다.경기도의 한 양돈농가는 “지난 1년간 사료가격을 중심으로 생산비가 크게 상승, 지금의 돼지가격에도 적자를 보는 농가들이 적지 않다”며 “하지만 정부가 사료가격 안정을 위해 한 일이 뭔가. 그렇다고 돼지가격이 높은 것도 아니다. 해도 너무하는 것 아니냐”고 비난했다.공판장들 역시 당황하는 기색이 역력하다.수도권의 한 공판장 관계자는 “상장 수수료 지원이 공판장 출하량에 조금은 영향을 미칠 수 있지만 국내 전체적인 돼지 수급에는 변화가 없을 것”이라며 “정부 지원이 육가공업계의 명절 작업이 대부분 끝나고 가격이 떨어지기 시작하는 시기와 맞물리게 됐다. 오히려 돼지가격이 문제될 수도 있다”고 지적하기도 했다.이에 따라 공판장 출하량 및 돼지 상장가격 추이에 따라서는 양돈농가들의 강한 반발로 이어질 가능성도 배제치 못하게 됐다. 축산신문, CHUKSANNEWS",
8,축산신문,2022-01-19,‘한돈팜스’ 통합유전능력 평가 시스템 가동,"한돈협, 연동 프로그램 개발…내달 종돈장 데이터 이전 착수 비육농장 성적 종돈개량 반영 기대…농가, 종돈능력 확인 가능 빠르면 오는 3월부터 국내에서도 비육농장의 성적을 종돈개량에 반영할 수 있게 됐다. 종돈개량 효율을 높일 수 있을 뿐 만 아니라 비육농장에서는 내가 사용하는 종돈의 능력도 확인할 수 있는 길이 열리게 된 것이다. # F1 혈통 역추적 대한한돈협회(회장 ‘부모 성적조회’를 누르면 혈통관리시스템에 등록되어 있는 부모의 성적을 볼 수 있다. ▲ ‘부모 성적조회’를 누르면 혈통관리시스템에 등록되어 있는 부모의 성적을 볼 수 있다. 손세희)는 한돈팜스 고도화 작업을 통해 비육농장에 사용하고 있는 번식 모돈의 혈통번호를 통해 해당 모돈을 공급한 GP 및 GGP 농장의 혈통을 역추적 할 수 있는 ‘통합 유전능력 평가 시스템’ 을 최근 구축했다. 비육농장과 GGP, GP 종돈장을 연계하는 방대한 데이터를 고도의 프로그램 설계와 고급 인력을 투입, F1 모돈 혈통등록번호와 농장식별번호를 기준으로 연결함으로써 상호 필요한 자료를 이용할 수 있도록 연동 체계가 만들어진 것이다. # 종돈개량 효과 확인 어려워 이는 한돈자조금사업의 일환으로 대한한돈협회가 실시한 ‘F1 모돈 번식능력 측정을 통한 혈통기록 연계성 연구’가 그 토대가 됐다. 한돈협회에 따르면 세계적인 육종기업들의 경우 여러 가지 방법을 통해 비육 농장의 데이터를 순종돈 개량에 반영하고 있지만 국내에서는 그 필요성만 강조돼 왔을 뿐 막상 실현되지 못했다. 국내 140여개 종돈장이 육종 피라미드 구조 형태로 GGP와 GP 돈군의 역할을 하고 있으나 GGP, GP 종돈의 당대 능력만 평가되다 보니 최종 소비자 단계인 비육농장에서 유전능력이 얼마나 발휘되는지 제대로 측정할 수 없었던 것이다. 한돈협회는 이러한 국내 현실을 개선해 보자는 게 이번 연구의 목적이었다고 설명했다. 연구를 담당한 정P&C연구소 정종현 박사는 “국내에선 GGP 돈군의 개량도가 얼마나 비육농장에서 실현되고 있는지 조차 알 수 없는게 현실”이라며 “실제로 GGP 돈군과 비육돈군간의 유전적 상관도가 0.7이하로 GGP 돈군 개량이 그대로 비육돈군에 영향을 미치지 않고 있는 것으로 나타났다”고 설명했다. # 농협 종돈사업소부터 참여 한돈협회는 이에 따라 양돈전산프로그램 한돈팜스 고도화 작업을 통해 지난해 말 종돈장과 비육농장을 연동할수 있는 프로그램 개발을 완료했을 뿐 만 아니라 이를 뒷받침하기 위한 종돈장 관리 프로그램도 새로이 만들었다. 이어 종돈업계를 대상으로 통합 유전능력 평가 시스템 참여 여부에 대한 의사를 타진한 결과 우선적으로 농협중앙회 종돈개량사업소부터 종돈장과 비육농장의 연동 프로그램을 접목시키기로 하고 내달부터 기존 종돈사업소의 데이터 이전 및 시험가동에 돌입키로 했다. 한돈협회는 한달간의 시험가동을 거쳐 오는 3월부터는 본격적으로 통합 유전능력 평가 시스템 운영이 가능할 것으로 전망하고 있다. 이 시스템이 정착될 경우 종돈장에서는 우선적으로 총산자수와 생존산자수 등 비육농장에 공급한 F1의 번식능력이 얼마나 발현되는 지 추적, 그 결과를 종돈개량에 활용할 수 있을 것으로 기대된다. # 유전적 개량 ‘속도’ 비육농장에서 기대할 수 있는 효과도 적지 않을 것으로 보인다. 공급받은 후보돈의 정보를 토대로 GP 농장은 물론, GGP 농장의 개체별 능력까지 파악이 가능, 내 농장에 필요한 종돈을 선택할 수 있는 여건이 마련된 것이다. 다시말해 산자수가 많은 혈통, 또는 출하 일령이 빠른 혈통의 종돈을 요구 할 수도 있는 시대가 열리기 시작한 것이다. 한돈협회 조진현 상무는 “GGP, GP 및 비육농장의 성적까지 통합한 통합유전능력평가를 통해 기존 종돈장과 양돈장의 데이터 연동을 통해 GGP, GP 순종돈은 물론 비비육농장의 번식돈을 포함한 총체적 유전적 개량 속도를 높일 수 있을 것”이라고 기대하기도 했다. 다만 통합유전능력평가 시스템을 통해 확인할수 있는 정보는 번식능력에 국한될 것으로 보인다. 국내 양돈장 상당수가 혼합정액을 활용하고 있는 만큼 정확한 산육능력의 확인은 지금 수준에선 어렵기 때문이다. 정종현 전무는 이와 관련 “유전체분석이 활성화되면 산육능력도 확인이 가능해 질 것”이라고 분석하고 “종돈장의 방대한 데이터를 옮기는 작업이 필요한 만큼 초창기 한꺼번에 많은 종돈장의 참여가 어렵다. 순차적으로 참여 종돈장이 확대될 전망”이라고 설명했다.",
9,축산신문,2022-01-25,양돈현장 ‘민생’ 대책 시급,"정부‧생산자단체 ‘방역 규제’만 관심…대책 실종 경기도에서 돼지 4천두를 사육하고 있는 A씨는 요즘 잠을 설치기 일쑤다. 사료가격이 폭등한데다 인건비 마저 크게 오르며 1년전과 비교해 돼지 생산비가 최소한 20% 이상 상승한 상황. 돼지가격이 당초 예상을 웃돌며 적자경영은 간신히 피하고 있지만 설 이후엔 그나마도 기대키 어려울 것으로 우려되고 있기 때문이다. A씨는 “솔직히 웬만한 돼지가격이 아니면 높아질대로 높아진 생산비를 맞추기 힘들게 됐다. 더구나 올핸 경기가 좋지 않을 것이란 예상이 많은데다 사료가격이 또 오른다고 하니 정말 걱정”이라며 “그런데도 정부와 생산자단체, 그 어디에서도 언급조차 없고, 기대하기도 힘든 현실이 갑갑하기만 하다”고 밝혔다. 정부와 양돈업계가 정면 충돌하고 있는 사이 양돈현장의 ‘민생’ 이 도외시 되고 있다. 생산비가 크게 오르며 시장이 수용할 수 있는 수준을 넘어서고 있고, 재고부담에서 벗어나 모처럼 안정된 흐름을 보여온 돼지고기 시장 마저 소비위축 및 수입 증가 추세속에 점차 흔들리는 모습이다. 하지만 모돈이력제와 함께 양돈장의 8대방역시설 의무화를 포함한 방역규제 강화 계획을 관철시키려는 정부나 총력 저지를 선언한 대한한돈협회 모두 해당 사안에 집중하다 보니 미처 다른 현안에 대해서는 관심을 둘 여력 조차 없는 듯한 형국이다. 당장 농림축산식품부만 해도 그렇다. 국제곡물가격과 함께 사료가격이 뛰기 시작한지 1년이 넘도록 양돈업계와는 대책 회의 조차 한번 갖지 않았다. 내부적으로는 사료가격안정제 도입 등 몇가지 대안이 제시되기도 했지만 제대로 꺼내보지도 못하고 있는 실정이다. 생산자단체와 갈등이 심화되면서 소통이 단절, 주요 쟁점 외에 다른 현안에 대해서도 자연히 일방통행식 행보가 이뤄지는 듯한 모습이 비춰지며 농식품부에 대한 양돈농가들의 반감을 더하는 요인이 되고 있다. 그나마 인력난의 경우 양돈현장에 국한된 현안이 아니다보니 다른 부처나 농업계 대책에 얹혀가고 있는 수준이 전부다. 한돈협회의 사정도 크게 다르지 않다. 사실상 모든 직원이 두 개 사안과 관련된 업무에 투입되면서 양돈현장의 민생대책은 ‘올스톱’ 상태라고 해도 과언이 아니다. 손세희 한돈협회장은 “사료가격에서부터 생산비, 인력난, 돼지고기 소비 확대에 이르기까지 양돈현장의 민생을 위해 시급히 챙겨야할 현안이 한두가지가 아니지만 제대로 손을 대지 못하고 있다”며 “그렇다고 정부의 비현실적인 규제에서 눈을 돌릴 수도 없는 실정”이라고 답답한 심경을 털어놓기도 했다. 전문가들은 설 명절 이후 돼지가격 하락이 불가피할 것으로 예상하고 있다. 게다가 지난해부터 미국산과 유럽산 돼지고기의 관세가 ‘0%’가 되며 수입업계의 관세부담 마저 사라진데다 경기침체로 인해 소비자들의 국내산 돼지고기에 대한 심리적 저항가격은 상대적으로 낮아질 전망이다. 양돈농가들의 속만 타들어가고 있다.",
10,축산신문,2022-01-25,"한돈협, ‘가전법’ 시행령·시행규칙 개정 저지 ‘총력’","국회 간담회·집회 등 정부압박…법률자문 등 논리개발 병행 청와대·국회·언론 관심 지속 호소 …‘맞불 법률’ 발의 추진 축산농가의 의무 설치 방역시설 확대와 방역규정 위반시 농장폐쇄까지 가능한 정부의 가축전염병예방법 시행령·시행규칙 개정안에 반발하고 있는 축산업계가 총력전을 펼치고 있다. 대한한돈협회는 축산관련단체협의회와 연계, 청와대와 국회, 언론은 물론 각 대선 후보 캠프에 이르기까지 정부를 압박할 수 있는 모든 주체들에게 축산농가들의 목소리를 전달하는 한편 논리적 대응도 병행해 나갈 계획이다. 특히 입법예고 기간을 전후로 구체적인 일정과 세부추진전략까지 마련, 그 어느때 보다 체계적인 대응에 나서고 있는 양상이다. ◆ 입법예고 기간 대책 # ‘과도한 규제’ 여론 확산 한돈협회는 우선 내달 3일까지 이뤄질 입법예고 기간에는 이번 개정안이 ‘헌법에 보장된 재산권 마저 무시한 과도한 규제’ 임을 알리는데 집중키로 했다. 그 첫 번째 움직임이 바로 지난 19일 축산관련단체협의회와 함께 정부 세종청사 앞에서 가진 ‘가전법 시행령·시행규칙 개정(안) 전면 반대 기자회견’이다. 농가와 소통 없이 방역 책임을 오로지 농가에게만 전가하고 있다며 ‘사육제한·농장폐쇄 조치’, ‘8대 방역시설 의무 설치’ 즉각 철회를 촉구한 이날 기자회견은 주요 방송과 언론에서도 다뤄지며 이슈가 되기도 했다. # 민주당과 국회 간담회 지난 25일에는 더불어민주당 농어민위원회와 ‘가축방역정책 및 축산업 현안 해결을 위한 국회 간담회’를 가진데 이어 27일에는 정부 세종청사 앞에서 ‘정부 규탄 축산농가 총궐기대회'를 개최하며 정부를 압박했다. 26일 더불어민주당사 앞에서 예정했던 축산농가 집회는 일단 유보키로 했다. 한돈협회는 이와 함께 개정안 반대 범 축산업계 서명운동에도 착수했다. 한돈협회 각 지부를 통해 양돈을 포함한 지역 축산농가들 뿐 만 아니라 사료, 약품, 유통, 등 전후방산업계의 참여도 독려해 나가고 있는 상황. 양돈부문에서만 1만명 서명을 추진하고 있다. 한돈협회는 객관적인 대응 논리개발에도 착수, 국내 6대 로펌의 하나인 법무법인 ‘화우’와 법률자문 계약을 체결하고 이번 개정안의 위헌소지 여부를 꼼꼼히 따져보는 한편 방역 및 수의전문가에 대한 의견도 수렴키로 했다. 그 결과를 토대로 전문가 릴레이 언론기고를 추진, 단순히 규제에 대한 반발이 아닌 과학적 방역의 필요성을 호소하는 것임을 국민들에게 알려나가기로 했다. # 모든 국회의원 협조 호소 일선 시군 축단협 차원에서 지역 국회의원 면담을 추진하되 한돈협회 별도로 호소문을 작성, 전국의 국회의원들에게 배포하는 등 범 국회 차원의 협력도 유도한다는 방침이다. 대선 후보들에게 축산업계의 현실과 의견을 전달할 수 있는 사전 협의도 이 시기에 이뤄질 전망. 아울러 이번 개정안에 대한 축산단체들의 공식 의견 제출시 충분한 반박 논리와 반대 서명부, 법리적 검토내용, 전문가 의견이 포괄될 수 있도록 협의해 나가기로 했다. ◆ 입법예고 종료 이후 대책 #국무조정실 협조 요청 개정안의 입법예고가 끝난 내달 4일 이후부터는 정부와 축산단체의 간담회를 요구, 축산업계가 제출한 의견에 대한 수용을 촉구하는 한편 국무조정실에도 협조를 요청할 계획이다. 법제처와 규제개혁위원회에 대해서는 의견수렴을 거쳤다는 정부 자료에 대한 전면 반박과 함께 축산업계의 입장을 전달하고 설명하는 자리도 마련할 예정이다. 한돈협회는 특히 국회를 통해 정부안을 상쇄할 수 있는 ‘맞불 법률’ 발의도 추진키로 해 성사여부에 관심이 모아지고 있다. # 대선 직후 국회 토론회 오는 3월 9일 처리질 대선 직후에는 국회 토론회를 개최, 축산현장에서 수용가능한 방안을 공개적으로 모색하되 사전 행사준비를 통한 이슈화도 도모해 나갈 계획이다. 정부가 이번 개정안을 강행할수 없도록 국회 차원의 대정부 질의도 병행한다는 방침아래 최소한 5명 이상 국회의원들의 협조를 추진키로 했다. 한돈협회는 또 축산단체들과 함께 대선 이후 대통령직 인수위원회에 축산단체의 입장을 전달키로 했다. 축단협 회의를 거쳐 입법예고 종료일을 기점으로 청와대와 농식품부 앞에서 릴레이 1인시위도 전개하는 등 범 축산업계와 공조한 체계적인 대책을 펼쳐 나가기로 했다. 손세희 한돈협회장은 “가능한 모든 방법을 동원, 가전법 개정을 저지해 나갈 계획”이라며 “투쟁하자는 게 아니다. 농가들이 살길을 찾기 위한 길을 찾기 위한 것”이라며 범 축산업계 차원의 관심과 협조를 호소했다.",
11,축산신문,2022-01-28,감사원 “축분뇨 관리 부적정”-주요 지적사항은,"상수원 무허가 단속 강화…배출시설 준공검사도 살포비 지원도 점검…‘현실과 괴리’ 논란 재점화 감사원이 ‘가축분뇨 배출 및 처리실태 현황 조사’를 위해 농림축산식품부·환경부 지자체를 대상으로 실시한 감사 결과와 해당 기관들의 후속조치에 양돈업계의 관심이 집중되고 있다. 감사 대상 기관으로서는 감사원의 시정요구에 대해 어떠한 형태로든 공식적인 후속조치가 이뤄져야 하는 만큼 추가적인 규제와 함께 위법행위에 대한 대응이 불가피하기 때문이다. 감사원에 따르면 ▲축산환경 제도 인프라 ▲가축분뇨 자원화 ▲폐사체 이력관리 등 3개 분야에 대해 중점감사가 이뤄졌다. ◆ 상수원 보호구역 축분뇨 관리 및 단속 부적정 일부 지역의 상수원보호구역내 축사 증축 등 허가업무가 부당처리 됐다고 지적했다. 무허가 축사 적법화 이후 지자체의 후속조치 미흡을 문제삼은 것으로 보인다. 상수원보호구역내 무허가 가축시설 단속 부실도 지적이 됐다. 감사원은 이에 따라 상수원보호구역내 축사 이전 유도 및 4대강 법에 따른 매수등 조치방안 강구를 해당 지자체에 요구했다. ◆ 퇴액비 품질 관리 부적정 감사원은 농촌진흥청의 가축분뇨 발효액 사용지침 보완을 통해 중금속 관리기준 강화가 이뤄져야 한다는 입장이다. 축산농가에서 퇴·액비의 중금속 기준 준수 여부에 대한 점검이 미비하다는 판단에 따른 것이다. 감사원은 이에 따라 현장 점검시 퇴·액비 검사주기 준수여부를 확인하되 농업기술센터 중금속 검사 장비 등을 확충, 중금속 기준치 초과시 액비살포를 금지토록 했다. 사실상 살포전 중금속 함량 기준 여부를 확인하는 체계를 요구하고 나선 것이다. 그러나 농가에선 연간 2회 중금속 검사를 확인하는 수준인 것으로 추정되고 있는 만큼 논란이 확산될 전망이다. ◆ 액비 살포관리 부적정 감사원은 미등록 살포지에 대한 액비살포 행위, 시비 처방서 없는 액비살포 사례를 각각 지적했다. 아울러 살포기준 위반업체에 대한 살포비 지원도 부적정 한 것으로 분석했다. 감사원은 후속조치로 살포지 등록정보, 비료사용 처방서 발급정보 등을 가축분뇨 전자인계관리시스템 및 AgriX시스템에 연계토록 하는 한편 시비처방서 미비 살포나 적정시비량 초과살포에 대해 지도 점검을 강화토록 해당기관에 통보했다. 하지만 시비처방서 발급시 병행되는 농업기술센터의 토양 및 액비분석에는 적잖은 비용부담이 불가피할 뿐 만 아니라 최소 15일 이상이 소요되면서 일선 현장에서는 시비처방서의 사후 발급 사례가 적지 않았던 게 현실. 이와 함께 미등록 살포지 액비살포도 이뤄져 왔던 만큼 이번 감사원의 감사결과와 후속 조치로 인해 현장에서는 큰 혼란이 우려되고 있다. ◆ 배출시설 지도·점검 부적정 이번 감사에서는 가축분뇨 배출시설 준공검사 미흡도 지적됐다. 감사원은 가축분뇨 합동 지도·점검계획시 가축분뇨 배출시설의 허가 신고 이행 및 준공검사 여부 점검을 강화토록 했다. ◆ 에너지화 사업관리 부적정 감사원은 가축분뇨 에너지화 시설의 운영의 정상화를 위해 사업 특성에 부합하는 ‘자원화 조직체 운영실태 점검표’ 마련이 필요한 것으로 지적하고 평가지표 개선과 함께 설계기준 대비 전력 생산량이 저조한 3개 시설에 대해서는 사업계획 대로 운영될수 있도록 조치방안을 강구토록 했다. ◆ ASF 발생 출하 축산물 미폐기 부적정 감사원은 ASF 발생농장에서 과거 10일이내 출하된 돼지 지육 유통에 대한 관리감독의 철저를 주문했다. ◆ 폐사신고 누락 이력관리제 관리 부적정 감사원은 살처분 보상금 지급전 폐사신고 여부 확인과 함께 축산물 이력제 이행실태 평가계획에 폐사신고 항목 추가도 요구했다. 통상적인 유통기한 경과 돼지고기 반출 신고 미기록에 대한 관리감독 강화의 필요성도 지적했다. ◆ 배출원 단위 부적정 감사원은 가축뷴뇨 발생량 산정을 위한 배출원단위에 대해 정기적 갱신이 필요한 것으로 지적했다. 일부에서는 2008년도 기준이 아닌 1999년도 기준을 적용하는 등 부적절한 사례도 확인됐다. 이에 따라 축종별 배출원 단위의 주기적인 재검토 추진을 해당기관에 요구했다. 이밖에 보조사업이 완료된 축산환경 관련 국고보조 사업의 경우 잔여 사업비에 대한 반납고지 및 미징수 사례도 지적하는 한편 액비를 하우스재배지에 공급하는 등 액비살포지역 다각화 및 경축순환농업 활성화에 기여한 철원지역을 모범사례로 꼽기도 했다.",
12,오늘의 뉴스,2023-01-03,"""돼지 키울만한 세상 만들겠습니다""","한돈협회, 한돈자조금 직원들이 올 한해 한돈농가들이 돼지 키울만한 세상을 만들겠다고 다짐했다. 한돈협회와 자조금은 지난 2일 제2축산회관 대회의실에서 2023년 시무식을 개최한 뒤 서울 서초동 소재 우면산 정상까지 등산하고, 한돈산업의 발전과 성공을 기원하는 시간을 가졌다. 손세희 회장은 이날 시무식을 맞아 ""2023년 계묘년 새해 삼강(三强), 삼고(三高)의 자세로 미래를 향해 더 높이 뛰는 한 해, 산업이 재도약하는 한 해가 되겠다”는 포부와 다짐을 밝히면서 신년사를 통해 한돈농가가 돼지 키울만한 세상이 되도록 세 가지 역량을 키우는데 집중하자고 당부했다. 첫째, 한돈협회와 한돈자조금 사무국들의 직원 역량 강화를 통해 전문성과 효율성을 극대화하는 조직으로 거듭나자고 강조했다.둘째, 소중한 현장의 목소리에 귀 기울이는 한편 협회 구성원인 회원들의 화합을 이끄는데 협회의 역량을 다하자고 밝혔다. 농가와의 소통을 강화하기 위해 마련한 한돈앱과 준회원, 청년한돈인, 한돈산업발전협의회 등의 내실화를 통해 정책변화에 능동적으로 대응하는 한해가 되자고 강조했다.셋째, 창립 50주년 맞아 우리 한돈산업을 둘러싼 모든 주체가 ‘우군’이 될 수 있도록 정부, 국회, 관련 업계, 학계, 소비자를 아우르는 전방위적인 대외역량을 대폭 강화해 강한 한돈협회를 만드는데 최선의 노력을 다하자고 밝혔다. 한돈의 가치를 높이고, 산업의 재도약을 위한 3고의 가치를 높이자고 강조했다. 첫째, 한돈농가 경쟁력과 소득 증대를 위해 달리겠다고 다짐했다. 또한 효과적인 자조금 운용과 상시점검을 통해 선제적으로 대응할 수 있는 시스템 구축으로 농가 권익보호에 최선의 노력을 다하겠다는 방침이다.둘째, 소비자 만족도를 높이는데 최선을 다할 것이라고 약속했다. 대한민국 제1의 단백질 공급원인 한돈산업의 재도약을 위해선 소비자의 신뢰와 사랑이 필수적이라며,‘한돈 고급화’와 같은 한돈의 가치 재창출을 통한 재도약의 원년이 될 것이라고 밝히고, 한돈인 모두가 한돈홍보대사가 되자고 다짐했다.셋째, 축산업의 ESG 사회적 실천을 선도할 것을 다짐했다. 생산부터 도축, 유통, 가공에 이르기까지 한돈산업의 전후방산업 모두가 사회적 책임을 다하고 한단계 높은 축산업계의 ESG 경영을 선도할 수 있도록 한돈미래연구소와 한돈산업발전협의회를 기반으로 앞선 비전을 제시할 것이라고 밝혔다.손세희 회장은 “새해에도 대표 단백질 생산주자인 한돈의 자부심과 자긍심을 갖고, 직원 개개인의 건강과 함께 역량과 발전을 증대하는데 최선의 노력으로 정진해달라”고 당부했다.저작권자 © 양돈타임스 무단전재 및 재배포 금지김현구다른기사 보기",
13,오늘의 뉴스,2023-01-11,[22년 수입육 리뷰] 돈육 수입 다시 40만톤대로,"22년 돼지고기 수입량이 다시 40만톤대를 기록한 가운데 삼겹 비중은 크게 줄고 나머지 가공용 부위 위주로 수입이 급증했다. 또 정부의 할당관세는 캐나다산이 급증하는 계기는 됐지만 전반적인 영향은 미미, 찻잔 속 태풍에 그쳤다.■증가세 꺾인 4분기=지난해 연간 수입량은 44만2천톤으로 전년도 33만3천톤보다 33% 늘었다. 지난 19년 이후 3년만에 40만톤대 수입량을 기록했으며 18년에 이어 역대 두 번째로 수입이 많았다. 그런데 12월만 보면 3만2천톤으로 전년 동월 3만6천톤보다 무려 13% 감소했다. 또 4분기는 9만톤으로 분기별 수입량 중 가장 적었으며 1~3분기에는 전년 대비 각각 65.4%, 29.3%, 43.1% 증가했던 데 비해 4분기는 1.2% 느는데 그쳤다. 4분기 들어 수입량 증가세가 확연히 꺾인 흐름을 보인 것이다. 이는 수요 대비 이미 많은 물량이 들어와 재고가 쌓인데다 환율과 국제 돈가 상승으로 수입 유인이 떨어진 때문으로 풀이된다.■삼겹 줄고 가공용 급증=전체 수입량이 늘면서 부위별로도 대부분 늘었다. 삼겹살이 17만2천톤으로 가장 많았으며 다음으로 앞다리가 16만4천톤, 목심 6만5천톤, 등심 1만9천톤, 뒷다리 1만2천톤, 갈비 9천700톤 순으로 들어왔다. 삼겹이 가장 많았지만 전년 대비로는 3.7% 증가해 평균 대비 증가폭은 낮았다. 이에 비해 앞다리는 57.9%, 목심은 42%, 등심은 68%, 갈비는 94.8% 각각 증가해 상대적으로 삼겹보다 더 큰 폭으로 늘었으며 특히 뒷다리는 무려 1천391% 폭증했다. 이에 전체 수입량 가운데 각 부위별 비중을 보면 삼겹은 50%서 39%로 11%P 낮아진 반면 앞다리(31.3→37.2%), 목심(13.7→14.6%), 등심(3.3→4.2%), 뒷다리(0.2→2.7%), 갈비(1.5→2.2%) 등 나머지 부위들은 줄어든 삼겹 비중을 나눠 가지며 비중이 늘었다. 수입량이 40만톤 이상을 기록했던 18~19년과 22년은 모두 삼겹 비중이 40% 이하를 기록했다. 이는 삼겹은 수입 수요가 비교적 일정하게 유지되는데 비해 나머지 부위들이 증감하면서 전체 수입량 변동 요인이 되고 있기 때문이다. 지난해의 경우 한돈 가격 상승으로 주로 가공용 부위, 그 중에서도 한돈 재고가 크게 줄어 가격이 급등했던 뒷다리에 대한 수입육 수요가 유독 컸던 것으로 파악된다.■할당관세의 흔적=지난해 정부는 농가와 업계의 강력한 반발에도 불구하고 10여년만에 물가 안정을 위해 돼지고기 7만톤에 대해 할당관세를 시행했다. 가장 비중이 큰 미국과 유럽연합 국가의 돼지고기는 이미 FTA로 관세가 없이 수입이 되고 있었기에 할당관세의 효과는 극히 일부 국가에 돌아갔다. 그 중에서도 캐나다산 돼지고기 수입이 3만6천톤으로 전년 대비 66% 증가했으며 브라질산도 3천400톤서 7천500톤으로 2배 이상 증가, 지난해 할당관세의 수혜를 입었다. 그러나 지난해도 미국과 유럽연합 국가의 수입이 80% 이상 차지해 국가별 비중에서는 큰 변화가 없었다. 또 할당관세가 지난해 여름부터 적용됐으나 정작 수입량은 1분기(12만톤)가 가장 많았고 이후 갈수록 수입량이 감소(2분기 11만6천톤, 3분기 11만2천톤, 4분기 9만톤)하는 등 지난해 돼지고기 수입 통계에서 찾을 수 있는 할당관세의 파급력 역시 극히 제한적이었다.■쇠고기 수입도 사상 최고=쇠고기 수입량도 지난해 사상 최고치를 경신했다. 22년 쇠고기 수입 검사물량은 47만7천톤으로 전년도 45만3천톤에 비해 5.3% 증가했다. 이로써 쇠고기 수입량은 21년에 이어 2년 연속 신기록을 갈아치운 것이다. 지난해 코로나 19 거리두기 해제로 외식 소비가 늘고 간편식과 급식 식자재 쪽 수입 쇠고기 수요가 증가한 때문으로 파악된다. 이에 쇠고기 수입 단가 상승에도 수입이 증가했다. 특히 정부가 처음으로 쇠고기에도 할당관세를 적용하면서 수입량 증가를 더욱 부추겼다. 국가별로는 미국산이 26만3천톤으로 가장 많았고 호주산 16만2천톤, 뉴질랜드 2만3천톤 순으로 들어왔다.저작권자 © 양돈타임스 무단전재 및 재배포 금지임정은다른기사 보기",
14,오늘의 뉴스,2023-01-09,“분뇨‧냄새 민원이 가장 힘들어요”,"대한한돈협회(회장 손세희)는 지난 12월 29일 서울 서초동 제2축산회관 대회의실에서 2022년 한돈농가 경영실태조사 발표회를 개최했다.최근 한돈농가들의 가장 큰 애로사항은 분뇨‧냄새와 관련된 민원으로 나타났다. 한돈협회 한돈미래연구소는 최근 2022년 한돈농가 경영실태조사 발표회를 개최했다. 이번에 실시한 실태 조사는 22년 7월 31일 기준(연간기준 2021년 8월~2022년 7월)으로 지난 2022년 8월 9일부터 10월 11일까지 농가 자율 참여 온라인 조사 및 대한한돈협회 조직을 통한 표본농가 대상 지부(회) 조사원 조사를 실시하였으며, 조사 결과 통계청 가축동향 2022년 1/4분기 기준 500두 이상 규모 한돈농장 4,358호 중 462호(10.6%)가 조사되었다. 설문조사 결과는 (사)한국축산경영학회가 분석했다. 이날 발표한 ‘한돈농가 경영실태조사’ 결과에 따르면 향후 1년 후에도 현재의 사육규모를 유지할 것이라는 응답이 86.1%, 확대할 것이라는 응답이 10.8%, 감소할 것이라는 응답이 3.1%로 조사됐다. 또한 한돈농가의 애로사항으로는 ▲분뇨, 환경문제 또는 민원(32.8%)이 가장 높게 나타났으며 ▲인력부족(19.5%) ▲가축방역 및 질병(19.0%) ▲수익성 저하(14.6%) ▲생산성적(6.4%) ▲자금조달 곤란(5.2%) 등으로 나타났다. 특히 2014년 조사에서는 ▲수익성 저하(44.6%), ▲경영관리 취약(20.3%), ▲자조금조달 관리(14%) 등 농가경영 관련 항목에 대한 애로사항이 높게 조사된 반면, 이번 조사에서는 ▲분뇨, 환경민원, ▲인력부족, ▲가축방역 및 질병 등이 높게 조사되어 농가 경영외에도 생산여건 및 환경 악화에 따른 어려움을 호소하는 농가들이 증가한 것이 특징이다. 또한 향후 한돈산업의 저해요인로는 ▲사료값 등 생산비 상승 (30.5%) ▲분뇨처리 및 환경규제 (29.6%)으로 높게 나타나 개선이 시급한 과제로 분석되었으며 ▲가축질병 및 방역문제(13.2%) ▲수입개방(FTA체결 등) (11.9%) ▲양돈장 인력문제(7%) 순으로 나타났다. 양돈업 관련 정부에 바라는 점에 대해 ▲분뇨처리 문제 해소(30.7%), ▲환경관련 규제 완화(29.6%)로 높게 나타났으며, ▲방역규제 완화(14.9%), ▲시설(개보수) 자금 지원(14.2%), 경영자금 지원(10.6%) 순으로 나타났다.또한 생산자단체인 대한한돈협회에 바라는 점은 ▲한돈산업의 장기적인 발전방향 제시(29.4%)가 가장 높게 나타났으며 ▲한돈정책 제안기능 강화(26.1%) 가축질병 방역활동 강화(18.1%), 교육경영기술지도 강화(14.3%) 순으로 나타났다. 이날 분석을 맡은 한국축산경영학회 김기현 이사는 “통계적 분석에서 시점 비교가 필요하니 앞으로 정기적으로 한돈농가의 경영실태 및 인식 분석하여 농가들에게 장기적인 발전방향을 제시하는 것이 필요하다.”고 말했다. 한돈미래연구소 김성훈 소장은 “이번 조사를 바탕으로 연구소에서 한돈산업의 발전방향을 제시하겠다”고 밝혔다.저작권자 © 양돈타임스 무단전재 및 재배포 금지김현구다른기사 보기",
15,오늘의 뉴스,2023-01-09,소비자‧영양사 “돼지고기 잡냄새 싫어요”,"대한한돈협회(회장 손세희)는 지난 12월 29일 서울 서초구 소재 제2축산회관 대회의실에서 ‘한돈 고급화관련 소비자의 소비성향 조사·분석 및 구매요구 선택기준 등의 제도개선 방안’연구용역에 대한 발표회를 개최했다.돼지고기 선택 시 소비자들은 ‘맛’과 ‘신선도’ 외 ‘잡냄새’ 유무를 상품 선택에 가장 중요한 요소로 꼽았다.한돈협회(회장 손세희)는 지난달 29일 제2축산회관에서 ‘한돈 고급화관련 소비자의 소비성향 조사·분석 및 구매요구 선택기준 등의 제도개선 방안’ 연구 용역 발표회를 개최했다. 이번 연구는 국민의 가장 선호식품인 ‘한돈(돼지고기)’을 국민에게 좋은 이미지와 구매욕을 자극할 수 있도록 프리미엄급으로 고급화해 소비촉진을 유도하는 등 시너지 효과를 통한 한돈 산업발전을 도모하고자 이번 연구용역을 추진했다.이날 발표에서 요리하는 남·녀 일반소비자 705명(남 153, 여 552)을 대상으로 한 돼지고기의 구매와 소비행태에 대한 설문 조사결과가 발표됐다. 이들은 구입시 선택기준으로는 첫째 잡냄새, 둘째 위생상태 셋째 유통기한 순으로 나타났다. 또한 전국 단체급식소에서 근무하는 100명의 영양사를 대상으로한 설문조사에서는 돼지고기의 구입시 선택기준으로 첫째 유통기한, 둘째가 잡냄새로 조사됐다. 뒤를 이어 위생상태, 원산지, 보관상태 순으로 나타났다.이를 볼 때, 한돈의 고급화를 위해서는 품질면에서는 잡냄새 감소, 위생상태 개선, 육즙 향상, 연도(부드러움) 향상, 육색 향상 등이 필요할 것으로 분석됐다.이에 연구 보고서는 소비자들이 돼지고기 구매 시 중요하게 생각하는 돼지고기 품질요인인 잡냄새, 위생상태, 육색, 지방의 두께, 육즙 상태를 반영 할 수 있는 돼지고기 등급제 개선이 필요할 것이라고 주장했다.손세희 한돈협회장은 “소비자와 단체급식에서 돼지고기의 구매에 중요한 역할을 담당하는 영양사들을 대상으로한 돼지고기의 구입시의 선택기준 등을 파악, 소비자 관점에서의 한돈의 품질고급화 방안을 마련하는데 큰 의의가 있다”며 “향후 소비자들의 요구하는 한돈품질 고급화 개선방안을 마련·추진하여 소비자·한돈 농가 모두가 만족할 수 있도록 지속적인 노력을 다 할 것”이라고 강조했다.저작권자 © 양돈타임스 무단전재 및 재배포 금지김현구다른기사 보기",
16,오늘의 뉴스,2023-01-09,새해 농축산정책 이렇게 달라집니다,"기획재정부는 최근 올해부터 달라지는 제도들을 묶어 설명한 ‘2023년부터 이렇게 달라집니다’ 책자를 발간했다. 이 가운데 양돈농가들이 알아두면 좋을 내용들을 골라 정리했다.■양돈농가 방역시설 의무화=ASF 예방과 확산 방지를 위해 양돈농가에 대해 방역시설 설치를 의무화한 ‘가축전염병 예방법 시행규칙’이 올해 1월 1일부터 적용되기 시작했다. 지난해 당초 ASF 중점방역관리지구 내 양돈농가에 적용하던 방역시설 설치 의무화를 전국으로 확대한 바 있다. 또 8대 방역 시설(①전실 ②외부울타리 ③내부울타리 ④방역실 ⑤물품반입시설 ⑥입출하대 ⑦방충시설〮방조망 ⑧축산 관련 폐기물 관리시설) 중 유예됐던 축산관련 폐기물 관리시설도 올해 말까지 설치해야 한다. 모든 돼지 사육업 농가(허가 기준, 사육시설 50㎡ 이상)가 대상이며 특례로 전실‧내부울타리는 설치가 어렵다고 지자체장이 인정하고 검역본부가 확인하는 경우 검역본부장이 고시하는 기준의 대체시설을 시행일로부터 최대 2년간 인정한다.■자연재해 금융지원 확대=자연재난 피해농가 대상 금융지원대상 자금이 전면 확대된다. (농어업재해대책법, 22년 6월 10일 개정, 12월 11일 시행) 자연재난으로 인해 큰 피해가 발생한 농가에게 지원되는 일부 자금의 상환연기 및 이자감면 혜택이 기존 4개 자금(농축산경영자금, 농지매매, 농지교환분합, 과원규모화)에서 전체 농업정책자금(54개)으로 확대된 것이다. 이에 자연 재해 시 모든 농업정책자금의 상환연기 및 이자감면을 최대 2년간 지원받을 수 있게 된다.■농업인 국민연금 지원 확대=농업인의 안정적인 노후생활을 유도하기 위해 농업인이 부담해야 할 연금보험료를 월 최대 4만6천350원까지 지원한다. 기존에는 1인당 월 4만5천원이었다. 다만 기존과 동일하게 종합소득 연 6천만원 이상 또는 재산세 과세표준액 합계액이 10억원 이상 농업인은 지원대상에서 제외된다.■탄소중립 기본계획 시작=올 3월 ‘제1차 국가 탄소중립 녹색성장 기본계획(23~42년)’이 수립〮시행된다. 국가기본계획은 지난해 3월 25일에 시행된 ‘기후위기 대응을 위한 탄소중립〮녹색성장 기본법’에 따른 법정 계획이다. 향후 20년 간 탄소중립 사회로의 이행을 위한 구체적인 방안을 정하게 된다. 기본계획에는 국가 온실가스 배출량을 오는 30년까지 18년 대비 40% 감축하기 위한 부문별〮연도별 이행로드맵(감축목표) 및 감축대책과 기후위기 적응, 정의로운 전환, 녹색기술〮녹색산업 등 탄소중립〮녹색성장과 관련한 시책을 종합적으로 포함한다.■식품 소비기한으로 변경=그간 식품에는 제조일로부터 유통〮판매가 허용된 기간을 알려주는 영업자 중심의 ‘유통기한’이 표시됐으나 앞으로는 식품의 안전한 섭취 기한을 알려주는 소비자 중심의 ‘소비기한’으로 바뀐다. 국제적 추세를 반영해 소비자에게 섭취 가능한 날짜에 대한 명확한 정보를 제공해 식품 폐기물을 줄여 탄소 중립 실현에 기여할 것으로 기대된다. 다만 포장재 교체·폐기에 따른 비용부담·자원낭비 등을 고려해 기존 ‘유통기한’이 표시된 포장재를 스티커로 수정하지 않고 사용하도록 계도기간(~12월 31일)을 부여했다.■최저 시급 인상=최저임금이 시간급 9천620원으로 인상된다. 일급으로 환산하면 8시간 기준 7만6천960원, 주 근로시간 40시간 기준 월 환산액은 201만580원이다. 최저임금은 모든 사업장에 동일하게 적용되며 ‘근로기준법’상 근로자라면 고용형태나 국적에 관계없이 모두 적용된다.저작권자 © 양돈타임스 무단전재 및 재배포 금지임정은다른기사 보기",
17,오늘의 뉴스,2023-01-11,제주 양돈업 지역 경제 ‘효자’,"제주 양돈산업이 8천억이 넘는 경제적 유발효과를 보이며 다른 산업보다 경제적 기여도가 큰 것으로 확인됐다.최근 제주도는 한국지방행정연구원에 의뢰해 ‘제주지역 양돈산업이 지역경제에 미치는 영향’을 분석한 결과 양돈산업의 경제적 유발효과가 연간 약 8천280억원, 고용 유발 효과는 제주 4천127명, 기타지역 4천560명에 이른다고 밝혔다.도는 이번 조사를 추진한 이유에 대해 양돈업에 대한 부정적 인식이 확산되면서 도내 양돈산업의 유지 필요성에 의문이 지속 제기돼온데 따른 것이라고 지적했다.그리고 분석결과 제주지역 양돈산업의 경제적 효과가 다른 산업과 비교했을 때 큰 것으로 확인됐다. 지역 내 생산유발계수는 1.270으로 제주지역 전 산업 생산유발계수 평균(1.172)과 전국 생산유발계수(0.924)보다 크고 제주 지역 양돈산업으로 인한 후방연쇄효과도 다른 산업보다 큰 것으로 나타났다. 특히 연구원은 제주 지역 양돈산업은 산업의 전후방 효과가 모두 크고 그 중 전방연쇄효과(양돈산업의 생산품이 지역경제에 미치는 영향)이 보다 커 지역경제에 파급효과가 큰 산업이라고 지적했다. 이에 양돈산업의 축소는 제주지역 산업 전후방에 미치는 영향이 커 산업 생태계 관점에서 이러한 효과를 감안해야 한다고 강조했다.다만 분뇨처리 비용(356억8천만원), 악취 및 탄소배출 비용 등 양돈산업으로 발생하는 비용은 1천70억원에 달하는 것으로 분석됐다. 또한 악취에 대한 경험은 양돈산업 전체에 대한 인식에도 영향을 미치는 것으로 나타났다.제주도민 설문 결과 응답자의 65.8%는 제주 양돈산업 육성에 찬성한다고 응답했으나 지역별로 보면 양돈농가가 밀집한 제주시 읍면과 서귀포시 읍면에서는 찬성하지 않는다는 응답이 각각 50%, 46.2%로 상대적으로 반대가 높게 나타났다. 악취에 대한 경험이 전혀 없다는 비율이 가장 높은 제주시동(72.7%), 서귀포시동(66.7%)은 양돈산업 육성에 찬성 비율이 높고 악취 경험이 높은 제주와 서귀포 읍면에서는 반대 비율이 높게 나타난 것이다.이에 연구원은 양돈산업이 사회적 비용을 지불하고 있지만 경제적 유발효과의 크기가 상당하므로 편익을 유지하면서 동시에 사회적 비용을 줄일 수 있는 합리적인 관리방안이 요구된다고 분석했다. 또 지속 가능한 양돈산업 육성을 위해 △지하수 및 환경보호를 위한 양돈분뇨 정화처리 확대 △하수처리장과 연계한 가축분뇨처리 유도 및 촉진 필요 △가축분뇨 발생에서 처리과정의 악취저감 신기술 단계적 도입 △민원 및 관광산업 인접지역 우선 폐업 촉진으로 적정 사육밀도 관리 등이 필요하다고 제안했다.저작권자 © 양돈타임스 무단전재 및 재배포 금지임정은다른기사 보기",
18,오늘의 뉴스,2023-01-14,“과학 접목해 방역 효율 높이겠습니다”,"“비 온 뒤에 땅이 굳습니다. 노사간 문제를 해결하고, 체계적이고 과학을 접목한 가축방역실현을 위해서는 방역본부장의 상임화 전환 등 등 제도 개선이 절실합니다.”가축위생방역지원본부는 지난 10일 본부장 취임 1주년을 맞이해 그간의 주요 성과와 앞으로의 운영 계획 등을 주제로 기자간담회를 개최했다. 방역본부는 지난해 1999년에 출범한 이후 처음으로 임금협상과정에서 노조의 쟁의권 획득과 단체파업으로 많은 어려움을 겪었으며, 이를 해결하기 위해 모든 직원들과 상생의 길을 모색하고 있다.이와 관련, 위성환 본부장은 “노사간 문제해결을 위해 ‘방역본부 발전협의체’를 구성해 노조의 요구사항을 바탕으로 제도 개선 사항 등을 면밀히 분석, 해결 가능한 부분부터 집중 개선을 추진할 계획이다”며 “특히 농림축산식품부의 적극적인 협조를 받아 현장 직원 안전성 확보를 위한 인수공통감염병 검진 체계를 마련하고, 청결 유지비 지급(검역직) 등 직원들의 후생 복지 예산을 새해 반영하는 성과를 거두었다”고 강조했다.아울러 방역본부는 새해 과학이 접목되는 가축방역과 국민의 먹거리 안전을 우선으로 하는 지속 발전 가능한 서비스에 중점을 두는 사업을 추진하겠다고 밝혔다. 위 본부장은 “과학 방역이란 산란계 농장을 대상으로 실시하는 질병관리등급제나 아프리카돼지열병 발생 농장에 투입되는 드론과 열화상 카메라의 활용성 제고 등을 통해 3차원적인 가축방역의 영역을 구축하는 것이다”며 “이를 통해 악성 가축전염병 발생 시 농장 유입 차단 및 확산 방지를 위한 긴급 방역 체계 구축의 바탕이 되는 농장정보현행화(DB) 및 가축전염병 조기 검색을 위한 시료 채취 및 예찰에 필요한 과학적인 체계를 구축하겠다”고 강조했다.그러면서 그는 “앞에 열거한 가축 방역의 지속적인 발전을 위해서는 무엇보다 ‘비상임 기관장의 상임화’가 필요하다""고 주장했다. 현재 조직의 수장이 비상임 직책에 따라 가축방역 내 기관 위상이 취약하다는 것. 비상임 기관장의 상임화를 통해 현장직 노동자의 인력 증원 및 처우 개선, 노동 환경을 적극 개선할 수 있을 것이라고 위 본부장은 강조했다.저작권자 © 양돈타임스 무단전재 및 재배포 금지김현구다른기사 보기",
19,오늘의 뉴스,2023-01-26,"한돈, 돈육 최대 수입국 中 만리장성 못 넘나","홍콩으로의 한돈 수출은 개척됐으나, 여전히 중국으로의 수출은 이뤄지지 못하고 있다.한돈이 세계 최대 돼지고기 소비국이자 수입국인 중국에 진출할 가능성은 얼마나 될까? 한국이 주요 전염병 발생국이기도 하지만 동시에 중국이 어느 나라보다 높은 수입 장벽을 세우고 있다는 점도 한돈 수출을 가로막고 있는 것으로 분석됐다.최근 대한무역투자진흥공사(코트라)는 중국의 미가공 육류 수입 현황 및 통관 요구사항을 소개하는 보고서를 통해 한돈 등 국내 축산물의 수출 가능성과 전략을 모색하고 제안했다. 보고서에 따르면 현재 중국에 수출이 허용된 국가는 돼지고기 24개국, 소 26개국, 닭 10개국인데 이중 돼지고기의 경우 독일, 루마니아, 벨기에, 이탈리아, 폴란드는 가축 질병 발생으로 수입이 중단된 상태다. 코트라는 중국의 강력한 규제 탓에 모든 종류의 육류를 중국으로 수출할 수 있는 국가는 매우 제한적이며 대게 한 국가에서 1~2개종의 육류를 중국으로 수출하고 있다고 지적했다.한국에도 중국 수출은 쉽지 않은 과제. 현재 한국산 육류 가운데 중국과 검역위생조건이 체결된 제품은 삼계탕이 유일하다. 그나마도 19개 수출 가능업체 중 6개소는 2020년 11월 등록이 취소된 이후 여전히 재등록이 이뤄지지 않은 상태다. 이 밖에 우리 정부는 기타 가금식육과 열처리 돈육에 대해 중국에 추가 수입 허용을 요청했으나 중국은 계속 검토 중이라고 코트라는 설명했다.보고서는 국내 축산물의 중국 수출을 위해서는 무엇보다 열처리 제품의 안전성을 중국 정부가 수용할 수 있도록 강력히 요청해야 한다는 점을 강조했다. 중국이 다른 수출국에 내린 수입 중단 조치들을 보면 이탈리아의 사례가 시사점을 제공하고 있다. 중국은 ASF를 이유로 지난해 1월 28일 이탈리아 돼지고기에 대해 수입을 전면 중단했다. 특히 70도에서 30분간 가열하는 것을 조건으로 승인받았음에도 이탈리아 돼지고기 가공기업 전체에 대해 수입을 중단해 현재까지 해제하지 않고 있다. 이를 보면 전염병 발생에 대해 중국 정부가 양보의 여지가 없다는 점을 짐작케 한다는 것이다.이에 구제역, ASF 등이 발생한 나라의 대중 수출 허가 현황을 보면 넓은 토지를 바탕으로 가축의 생산지역 다변화가 가능한 미국과 러시아를 제외하면 가축 전염병이 발생한 나라의 모든 기업에 대해 수입을 중단하고 있다는 것이다. ASF로 교역이 중단된 독일, 루마니아, 벨기에, 폴란드 등이 그러한 사례다. 사실상 중국은 축산물 수입에 있어서 가축 전염병에 대한 지역화 인정이 없는 것이다.이에 코트라는 한국의 경우 구제역, AI 등의 청정국이 아닌 만큼 중국과의 수입 허용 요건 협의 과정에서 열처리 제품은 전염병으로부터 안전하다는 점을 중국이 수용할 수 있도록 강력히 요청해야 한다고 제언했다.이와 함께 수출국 기업들에 대한 중국의 엄격한 통제와 관리도 눈여겨 볼 필요가 있다는 지적이다. 중국은 축산물에 있어서 동등성평가를 요구하는 다른 나라들과 달리 수입허용 요건을 약정한 후 수출 작업장별 현지 실사 후 등록하는 약정형 및 작업장 등록형으로 진행하고 있다. 또 검역위생조건이 협의된 후에도 수출국 생산기업들에 대해 엄격한 관리와 통제를 유지하는 패턴을 보이고 있다. 이에 수입 제품에서 문제가 발생한 경우 문제를 해결 후에도 바로 수출 자격을 회복하는 것이 아니라 6개월에서 길게는 2년 정도가 소요될 정도라는 것이다. 이에 우리 쪽의 자체적인 관리감독 체계 강화도 중국 수출을 위해 필요하다고 지목했다.저작권자 © 양돈타임스 무단전재 및 재배포 금지임정은다른기사 보기",
20,한돈뉴스,2022-01-09,2022년부터 이렇게 달라집니다,"농축산분야에서 새해부터 달라지는 주요 제도와 정책들은 어떤 것들이 있는지 정리했다. <편집자> ◆축산업 허가요건에 악취저감장비·시설 추가=축산업을 영위하기 위해서는 축산업 허가(등록) 시 악취저감 장비·시설 등을 농장에 설치하여야 합니다. 가축사육, 가축분뇨 처리과정 등에서의 악취발생으로 주변 환경오염, 농촌생활환경 훼손, 지역사회와 축산농가간 갈등 심화 등의 문제가 끊임없이 발생하고 있습니다. 이에, 축산법을 개정(2021.6.16)하여 축산업 허가(등록)요건에 악취저감 장비·시설 등을 추가하였습니다. 개정내용은 2022년 6월 16일부터 시행될 예정입니다. 다만, 축종별·시설별 세부 설치 규정 및 대상·범위 등은 축산법 시행령에 담아 개정 추진합니다. ◆가축질병 대응기술 고도화를 위한 연구개발 지원=반복적으로 발생하는 가축질병으로 인한 피해를 저감하고, 국내 미발생 동물감염병에 대한 초동 대응역량 향상을 위해 ‘가축질병대응기술고도화지원(R&D)’ 사업을 2022년 신규 추진합니다. 기 개발된 연구성과의 현장 보급 및 적용, 국내외 가축질병 바이러스의 특성 분석을 통한 선제적 대응 기반 구축 및 국제 공동연구 거점 마련을 위한 기술개발을 지원할 예정입니다. 관련 공고는 2022년 1월 중 예정이며, 농림축산식품부, 농림식품기술기획평가원 및 NTIS(국가과학기술지식정보서비스) 홈페이지에서 확인할 수 있습니다. ◆농지원부 농업인별 작성에서 필지별 작성으로 개편 시행=2022년 4월 15일부터 농지원부가 필지 기준으로 전면 개편됩니다. 농업인(세대)별로 작성하던 농지원부를 필지(농지)별로 작성하도록 변경, 그간 농지원부 작성대상에서 제외되었던 소규모 농지(1000㎡미만 농지)도 작성 대상에 포함됩니다. 또한, 농지원부 관리책임을 명확히 하고 정비 효율성 향상을 위해 관할 행정청이 농업인 주소지에서 농지소재지로 변경됩니다. 법령 시행 후 농업인 주소지에서만 발급되던 농지원부가 전국 어디에서나 발급가능하게 되며 발급기간도 단축(10일 이내→즉시)되게 됩니다. 기존 농지원부는 10년간 보존되므로 이전 농지원부가 필요한 경우 언제든지 발급받을 수 있습니다. ◆농지연금 가입연령 완화(만65세→만60세) 및 우대상품 도입=농지연금 가입연령 기준이 만 65세에서 만 60세로 완화되고 저소득 농업인 및 장기영농인에게는 우대상품이 도입됩니다. 65세 이전에도 자녀교육 등으로 목돈이 필요한 현실을 감안, 많은 농업인들이 연금 혜택을 누릴 수 있도록 가입연령 기준을 만 60세 이상으로 완화하였습니다. 또한, 저소득 농업인(취약계층)과 장기영농인(영농경력 30년 이상)은 월지급금을 5~10%까지 추가 지급하는 우대상품을 도입합니다. 가입연령 완화는 2022년 1분기 내 시행할 계획이며 우대상품은 2022년 1월부터 도입됩니다. ◆여성농업인 특수건강검진 시행=여성농업인의 농작업 질환예방 및 건강복지 증진을 위해 만 51~70세의 여성농업인을 대상으로 농작업 관련 질환에 대해 특수건강검진을 시행합니다. 지자체 공모를 통해 여성농업인 9000명을 선정하여 특수건강검진을 지원할 예정입니다.",
21,한돈뉴스,2022-01-10,“정부가 통제하는 모돈등록제 재검토 필요”,"“정부가 생각하는 것처럼 모돈 100만두를 1개 농장처럼 관리하는 것은 불가능하다.” 농식품부가 올해부터 시범사업 예정인 ‘모돈이력제’ 도입에 대한 문제점과 개선 방안을 모색하기 위한 국회 차원의 토론회가 열렸다. 국민의힘 홍문표 의원이 주최하고 한돈협회와 축산관련단체협의회가 주관한 ‘한돈산업 발전을 위한 정책토론회’가 지난달 29일 국회 의원회관 대회의실에서 개최됐다. 이날 문석주 한돈협회 부회장은 ‘한돈산업 발전을 위한 협회 의견’이라는 제목의 주제발표를 통해 “모돈의 개체별 관리를 위해 정부가 추진하고 있는 ‘모돈이력제’는 모든 모돈에 귀표를 부착해 개체별로 등록·폐사·이동·출하 등을 의무적으로 신고하는 제도로 이력제 법률 취지에도 맞지 않다. 한돈농가 차원에선 현실적 이익이 없으며, 과중한 업무와 비용 부담으로 현장의 어려움만 가중시키는 불필요한 정책으로 사실상 모든 모돈을 정부가 통제하는 모돈등록제”라고 주장했다. 문 부회장은 “모돈이력제가 방역, 수급예측 등에 꼭 필요한 제도라고 말하지만 이미 기존 제도와 규정을 충분히 수행 가능한데도 모돈이력제를 고집하고 있다. 이해당사자인 한돈농가와 이해와 합의가 가장 중요한 만큼 전산관리프로그램의 통합과 고도화 추진 등 현장의 관행과 구조가 고려돼야 한다”고 강조했다. 박범수 농식품부 축산국장은 현장에서 적응할 수 있도록 유예기간을 두면서 한돈농가들과 지속적으로 협의하겠다고 밝혔지만 “모돈이력제 제도 도입 자체가 비현실적이자 범법자만 양산할 뿐”이라는 농가들의 입장과 거리가 커 모돈이력제 도입을 둘러싼 논란은 지속될 것으로 보인다. 박 국장은 “생산성 높은 유럽이나 곡물 생산과 넓은 땅을 보유한 미국과 비교해 한돈이 경쟁력을 갖출 수 있는 방법은 오직 데이터 뿐”이라면서 “최근 모든 산업이 더욱 디지털화하면서 이제 AI, 빅데이터의 시대가 도래하고 있다. 모돈이력제 도입으로 인해 정말 힘들지만 적응해야 한다”고 말했다. 그러면서 “2020년을 기준해 한돈농가당 평균 매출액은 11억원에 달한다. 한돈산업은 고령화됐고, 영세하다고 말하는건 우리 스스로 부끄러운 상황이 됐다”면서 “가장 적은 비용으로 질좋은 한돈생산을 위해 많은 정보를 모아야 하며 그런 점에서 이력제는 정확한 데이터를 수집하는 근간이 될 것”이라고 밝혔다. 홍문표 의원은 마무리 발언을 통해 정부의 정책은 무엇보다 첫째, 농가의 수익에 도움이 되는 사업인지, 둘째, 소비자에게 돌아가는 편익은 무엇인지의 관점이 중요하다고 강조하고, 이를 충족하지 않는 정책은 시행하지 않는 것만 못하다고 지적하고, 국회 차원에서도 모돈이력제 도입과 관련한 현안을 적극적으로 챙기겠다고 약속했다.",
22,한돈뉴스,2022-01-09,2022년부터 이렇게 달라집니다,"농축산분야에서 새해부터 달라지는 주요 제도와 정책들은 어떤 것들이 있는지 정리했다. <편집자> ◆축산업 허가요건에 악취저감장비·시설 추가=축산업을 영위하기 위해서는 축산업 허가(등록) 시 악취저감 장비·시설 등을 농장에 설치하여야 합니다. 가축사육, 가축분뇨 처리과정 등에서의 악취발생으로 주변 환경오염, 농촌생활환경 훼손, 지역사회와 축산농가간 갈등 심화 등의 문제가 끊임없이 발생하고 있습니다. 이에, 축산법을 개정(2021.6.16)하여 축산업 허가(등록)요건에 악취저감 장비·시설 등을 추가하였습니다. 개정내용은 2022년 6월 16일부터 시행될 예정입니다. 다만, 축종별·시설별 세부 설치 규정 및 대상·범위 등은 축산법 시행령에 담아 개정 추진합니다. ◆가축질병 대응기술 고도화를 위한 연구개발 지원=반복적으로 발생하는 가축질병으로 인한 피해를 저감하고, 국내 미발생 동물감염병에 대한 초동 대응역량 향상을 위해 ‘가축질병대응기술고도화지원(R&D)’ 사업을 2022년 신규 추진합니다. 기 개발된 연구성과의 현장 보급 및 적용, 국내외 가축질병 바이러스의 특성 분석을 통한 선제적 대응 기반 구축 및 국제 공동연구 거점 마련을 위한 기술개발을 지원할 예정입니다. 관련 공고는 2022년 1월 중 예정이며, 농림축산식품부, 농림식품기술기획평가원 및 NTIS(국가과학기술지식정보서비스) 홈페이지에서 확인할 수 있습니다. ◆농지원부 농업인별 작성에서 필지별 작성으로 개편 시행=2022년 4월 15일부터 농지원부가 필지 기준으로 전면 개편됩니다. 농업인(세대)별로 작성하던 농지원부를 필지(농지)별로 작성하도록 변경, 그간 농지원부 작성대상에서 제외되었던 소규모 농지(1000㎡미만 농지)도 작성 대상에 포함됩니다. 또한, 농지원부 관리책임을 명확히 하고 정비 효율성 향상을 위해 관할 행정청이 농업인 주소지에서 농지소재지로 변경됩니다. 법령 시행 후 농업인 주소지에서만 발급되던 농지원부가 전국 어디에서나 발급가능하게 되며 발급기간도 단축(10일 이내→즉시)되게 됩니다. 기존 농지원부는 10년간 보존되므로 이전 농지원부가 필요한 경우 언제든지 발급받을 수 있습니다. ◆농지연금 가입연령 완화(만65세→만60세) 및 우대상품 도입=농지연금 가입연령 기준이 만 65세에서 만 60세로 완화되고 저소득 농업인 및 장기영농인에게는 우대상품이 도입됩니다. 65세 이전에도 자녀교육 등으로 목돈이 필요한 현실을 감안, 많은 농업인들이 연금 혜택을 누릴 수 있도록 가입연령 기준을 만 60세 이상으로 완화하였습니다. 또한, 저소득 농업인(취약계층)과 장기영농인(영농경력 30년 이상)은 월지급금을 5~10%까지 추가 지급하는 우대상품을 도입합니다. 가입연령 완화는 2022년 1분기 내 시행할 계획이며 우대상품은 2022년 1월부터 도입됩니다. ◆여성농업인 특수건강검진 시행=여성농업인의 농작업 질환예방 및 건강복지 증진을 위해 만 51~70세의 여성농업인을 대상으로 농작업 관련 질환에 대해 특수건강검진을 시행합니다. 지자체 공모를 통해 여성농업인 9000명을 선정하여 특수건강검진을 지원할 예정입니다.",
23,한돈뉴스,2022-01-10,“정부가 통제하는 모돈등록제 재검토 필요”,"“정부가 생각하는 것처럼 모돈 100만두를 1개 농장처럼 관리하는 것은 불가능하다.” 농식품부가 올해부터 시범사업 예정인 ‘모돈이력제’ 도입에 대한 문제점과 개선 방안을 모색하기 위한 국회 차원의 토론회가 열렸다. 국민의힘 홍문표 의원이 주최하고 한돈협회와 축산관련단체협의회가 주관한 ‘한돈산업 발전을 위한 정책토론회’가 지난달 29일 국회 의원회관 대회의실에서 개최됐다. 이날 문석주 한돈협회 부회장은 ‘한돈산업 발전을 위한 협회 의견’이라는 제목의 주제발표를 통해 “모돈의 개체별 관리를 위해 정부가 추진하고 있는 ‘모돈이력제’는 모든 모돈에 귀표를 부착해 개체별로 등록·폐사·이동·출하 등을 의무적으로 신고하는 제도로 이력제 법률 취지에도 맞지 않다. 한돈농가 차원에선 현실적 이익이 없으며, 과중한 업무와 비용 부담으로 현장의 어려움만 가중시키는 불필요한 정책으로 사실상 모든 모돈을 정부가 통제하는 모돈등록제”라고 주장했다. 문 부회장은 “모돈이력제가 방역, 수급예측 등에 꼭 필요한 제도라고 말하지만 이미 기존 제도와 규정을 충분히 수행 가능한데도 모돈이력제를 고집하고 있다. 이해당사자인 한돈농가와 이해와 합의가 가장 중요한 만큼 전산관리프로그램의 통합과 고도화 추진 등 현장의 관행과 구조가 고려돼야 한다”고 강조했다. 박범수 농식품부 축산국장은 현장에서 적응할 수 있도록 유예기간을 두면서 한돈농가들과 지속적으로 협의하겠다고 밝혔지만 “모돈이력제 제도 도입 자체가 비현실적이자 범법자만 양산할 뿐”이라는 농가들의 입장과 거리가 커 모돈이력제 도입을 둘러싼 논란은 지속될 것으로 보인다. 박 국장은 “생산성 높은 유럽이나 곡물 생산과 넓은 땅을 보유한 미국과 비교해 한돈이 경쟁력을 갖출 수 있는 방법은 오직 데이터 뿐”이라면서 “최근 모든 산업이 더욱 디지털화하면서 이제 AI, 빅데이터의 시대가 도래하고 있다. 모돈이력제 도입으로 인해 정말 힘들지만 적응해야 한다”고 말했다. 그러면서 “2020년을 기준해 한돈농가당 평균 매출액은 11억원에 달한다. 한돈산업은 고령화됐고, 영세하다고 말하는건 우리 스스로 부끄러운 상황이 됐다”면서 “가장 적은 비용으로 질좋은 한돈생산을 위해 많은 정보를 모아야 하며 그런 점에서 이력제는 정확한 데이터를 수집하는 근간이 될 것”이라고 밝혔다. 홍문표 의원은 마무리 발언을 통해 정부의 정책은 무엇보다 첫째, 농가의 수익에 도움이 되는 사업인지, 둘째, 소비자에게 돌아가는 편익은 무엇인지의 관점이 중요하다고 강조하고, 이를 충족하지 않는 정책은 시행하지 않는 것만 못하다고 지적하고, 국회 차원에서도 모돈이력제 도입과 관련한 현안을 적극적으로 챙기겠다고 약속했다.",
